<?xml version="1.0" encoding="UTF-8"?>
<hibernate-configuration>
<session-factory>

<property name="hbm2ddl.auto">update</property>
<property name="dialect">org.hibernate.dialect.MySQL5Dialect</property>
<property name="connection.url">jdbc:mysql://localhost:3306/assignmentone</property>
<property name="connection.username">root</property>
<property name="connection.password">sespl!@3</property>
<property name="connection.driver_class">com.mysql.cj.jdbc.Driver</property>

<property name="hibernate.show_sql">true</property>
<mapping class="com.bitlabs.entity.Product" />





</session-factory>
</hibernate-configuration>